Starknet address;Allocation
0x0406f717e5f05330e1d769ff96b26e98362d0e79171a2693412f2ecac8f30b4c;10.3914457618488
0x06424182c1647ff6238dBE09a300dA58c2873Bf3406D53CC7398fA6D5B0b0710;365.778890817079
0x0452cfD540DF57cC877A57bB954C014b5D9fc53e983FA9Bf49a19a9b178Fa46f;369.935469121819
0x001508c4853f7e1ce426f04a67e1673ed941f142d69348a636d61816854fceb6;378.248625731298
0x047683b56379390dD77f5dda4cBB48CC34918195ee2c8f56221C4Ad47d3db9c1;392.796649797886
0x04aaeae5635b0da1c9041c4baadb5eb916c7044a3be5a4f85764988efec10a4e;407.344673864475
0x04819E2AE376C33f798AF72d8F1567AB6016616286c7630C1B24CC6Fa14dB4c1;408.38381844066
0x065d2419a038a0e7953f213d639538490c3f354d0d58e4cc9e2cf5b5b0c3e427;409.422963016845
0x0152c2a31b60faca5ef12f63545140bab3934ef131be9e44303f2b8f21aebec5;411.501252169214
0x07ABcb55Efb331047609C2fF06f5a6704A034BF70b33166286bD3E3C02598bf4;412.540396745399
0x007506de8FAfC710eCff05A5A59E5f0bbA86fb194CA96648314fC3BCe9ffCd56;417.736119626324
0x06aef8129000df3ad3a196b0ead66fd64cd9bfd7065e361767104510ea9086b2;420.853553354878
0x00a3277903655d57bd33c5215360078f7924d0868a9a235780dce22ef5dd9edf;428.127565388173
0x057f75b3e83e508206ecc1346b6e453160f7b5255be3aa5de5389439ffcd38b2;431.244999116727
0x029c339266a9ad35d5Cc64c23bf13b7156e72c27B7dF743661537A98Af8260b3;433.323288269097
0x01210c17363bcfebb20b1fedde4b471ec162af4f5eb1d3f6a354614b3f8a4d57;435.401577421467
0x022a6beca2d6ae8a7a669c737801a01098383bd767900f2bea0eb5b5a8cc0446;443.714734030946
0x06c120581dFBF7CA8E072509e3540df4061B5681394c772325E0e838840E087F;448.91045691187
0x024f823fcefa3c2a88f96dad6d90c637df2c13f42bb2ae3df88348a7de50d885;458.262758097534
0x03ba84ac75d6e421875e9bb8716be40d2af9f04ab6cd37704ef501135ed56490;462.419336402274
0x045b360a6c97439ce7e7d331c9ea2525d1ca29d2c8f49e0d71c58fff1d624cb7;479.045649621232
0x05f1484670ed7d235c1111f328a9602acb4873be2642fbfb922e8bf80dfd0742;481.123938773602
0x07929d5b02cff2159ec6d2ab60cd67adc83931422eb999e7a6075b18eb712681;489.437095383081
0x02127366741577f6290f2cd1597bf3cb11cc02abc4c0f2529c886ea898c7a0b7;494.632818264005
0x04f50cd34d2d718dd9957d3d12440a8bc0d222712ee4e7410928f76f5dc32e0c;505.024264025854
0x05b3b936D5e79979e807Fd640803CC8FD145905a138E93e3B6e1Fa0d2013f42C;523.728866397182
0x0093eb41ec727639c7e7e3b4af099dc56f25117d99e2a354416f31ef9289fdc4;541.394324192325
0x04567d39e86167f3b5a395c46cb0edfab99bf08ac6360a8fff7f62e93c96584a;543.472613344695
0x0567ff9376f3b8ee1bfc251e48946e38e3e51ee7cd3d7e28929a7183eac93b3d;544.51175792088
0x057e1addd3aa0218dcb1e1d415bad6331bbac2cc65e00a1d331c0c032d4c6dcf;547.629191649434
0x021eccacff85d2ed60b7f9517e97e03d919e0189640f20c6d9b99bf6cf9ba4b8;552.824914530359
0x0422698a24de561c9c518ad91e30618c91678c628447270c04f2ae69380f23b5;559.059781987468
0x045d82df253ad090528dd44dc5697f6e473eb82e339a97293e37134f0dc3fd5b;567.372938596947
0x00082e7aca8e5241da688d9f3e16f4378c7763f22385d917f82881a01efa4c6f;613.496932515337
0x0018e1423e38fa399a171582db47b46058faac5551bff5e0c9ba617db9dac0f4;613.496932515337
0x0037cac1bc5b4524e2740b4c18f379908dee68f3b46359c28c1acb2ccf788a28;613.496932515337
0x005c9d92c1f95940807d8117c3e01254407ab5fb7aaf8930e985852cb6e76c55;613.496932515337
0x005dd358abe2cb9b8d175083148fb02fc057ee6e428ac62b5c59fec689bbe6b0;613.496932515337
0x007443208d577d9af7bad91242b981635a7e439456b665af8b428edd06074e48;613.496932515337
0x0096b6306d980a63ce3d6b333cff1ebe1fa8c3be1445125a7c77f9f6a35efb2d;613.496932515337
0x009b5a61108c09090fda650a86c386d039ef732993e591e42605708b8ae875d1;613.496932515337
0x01271b6145d671c16e7cfcc2c3982013411f2de724bc72ac39e45f43e6e8bde1;613.496932515337
0x01ab597d248ef53330bc3e11978d23a00476d7f9bb98b5f2166c8b649251b448;613.496932515337
0x02145682c380162ad75306ef694e2347c5794bbf6462ba14eaa06685477717b9;613.496932515337
0x0219d78ddd2bcbcfd138f9448f923cb9f9d30bea7fa9397e82c25a17a8db2eb6;613.496932515337
0x022929ec5e2dd244456d8fd0729f16e5ce2412241ec2a856e09d603bddddd0c3;613.496932515337
0x02432d6a998dccb01d0cbbba03da69989b302d876491dd1ccb97dd4d0be0d152;613.496932515337
0x025a2766b98045466db7aa3a8b255771548d21dff0190e6e9f7578d3d3b7716a;613.496932515337
0x0291e92ff6ac0c62c41f680b837b175f5e89397c9cf52f636ec411058919e806;613.496932515337
0x02a764b0b401467fed1357dc8898636aa64c78e718875f003a8961c1e8f275e2;613.496932515337
0x02b2cbe2fb9458c39050d68fcb422ccb7abee700bb678fefbfac90d4c6610607;613.496932515337
0x02b6235f908baff1c049d9a13e987c52eb97549bbbce97068b648d2a4fe6fbc0;613.496932515337
0x02f20c2d546c37afcfce64f527f6fb1205351d685f28e9ce6ada87198b68d68c;613.496932515337
0x02f2ce5b577b38c86710a51876ada5c7891bcf2ebdbf891f06bafa3a3a12463f;613.496932515337
0x02fab5d5127891bd4f89dac4a786ffb993c2bab22a146ce97943a018d09dbdb0;613.496932515337
0x033112a0e8024663e8cda87fcaa29010b6b22ecfbe437e755edd0edc9946e522;613.496932515337
0x0357160e33853d3eddfb32a2a3e132f0963c8821d0423f82091f5505fabb36d8;613.496932515337
0x0372758a663f83bf6bd63721d1995d700dca17dfcd306dc98f61644f8ab46190;613.496932515337
0x038f16dbaf0a1c19994359d4ff21911a173668c7cf191cceb465ef1943ab7c87;613.496932515337
0x03c52a51e2db8e29a19a95b1a2377192e350c8f648052f70a67a8530a7c53cb8;613.496932515337
0x03e71a0885c2902a2804789b2f9f94ab199ac21d68b2668c14e9417fa3e6dbc9;613.496932515337
0x03fc3bed8f2835a8d20861d3096a03f055d9e859f0106451487b18bc8249dbd5;613.496932515337
0x040677ab2168bcf1db49404fe619d1d4cc551fe978200d650e5915d9ec81a160;613.496932515337
0x04086ed180f886b2195f49f9eba0e0a59e49a381390cdceb8fcfafaa169008a9;613.496932515337
0x041bccd3d1d63aac4565237aa93eab213a23a5b4806a4330019de10e8e7cdb11;613.496932515337
0x041e64836e03a79018afee336fa3c1397daed46fd66449bd1c6481a12c8c2ade;613.496932515337
0x042a4eee628b3032e243da034fe73e561bc476e3032b779a1f52fdd9a4408680;613.496932515337
0x045852943a08c6a27062f7922cd016f484817d1af4ccac7870512a4bf2257bcd;613.496932515337
0x0471d2032fdf0a50718c4c2e1d47e31e059ae6b846095c6d1b224ef2c7aebf18;613.496932515337
0x047701c88e83e9c755914f91ed859dd837ba806beaa9b65121f4289d7134af58;613.496932515337
0x04A1E89c1b9680B267e17DD8f13931451D3FF81628cb0A3cAc1E96735a5954Ae;613.496932515337
0x04b047ea24f1b6d669fc1970302a31506a31b690914c4a2771f22da362450355;613.496932515337
0x04beec4e536c379dbbf94942cdf14952233f0d08609d1eee2b03284bb6fc544d;613.496932515337
0x04bf1835a5426a90390c2bd528808bd24aabeb9747e488ace76eb1837171b45d;613.496932515337
0x04c64417f0ff2f01b92ee7b4b45db788a98d8a8ec1f91afb2465724764d51e96;613.496932515337
0x04c9370b76098c50a7eb2c935b1e2e5773d8ab70bb8a6a65fd5b26bd7eb176b3;613.496932515337
0x051b9110584d4336d0d12348ca42db5e74117a06b553fcbd74c6da620974d80c;613.496932515337
0x05213d51a8c611d1163cd2e6b1688a6c80f91bf7d240487fc8347a5acd0f797d;613.496932515337
0x0528f064c43e2d6ee73bcbfb725baa293cd31ea1f1861ea2f80bc283ea4ad728;613.496932515337
0x05798e11655d1d9a221dfa8265ef23dd059ca229ed317b5ce4300ee1346679c1;613.496932515337
0x0581d915af16bc97c1b4b8bfb5506f9e50e6bd464e5f06aa5fe60d811bf70727;613.496932515337
0x05a4a1176845560b024675d726df4edb075ccf5241fe3d45cc3a73c54d0afda3;613.496932515337
0x05b4be73a5adfc716b89cb3cfc48d0929a98e3d1b44f2bfaaf0b32fed97ab5b6;613.496932515337
0x05c39b4dea1dd0faaf1dc70b550154cee91234e271886f362efa67d8b079582f;613.496932515337
0x05f3770fb7990f4f11c4b173bac6b58cbda9386c7bf3216ff9c9f7bbb93c14cf;613.496932515337
0x060354eaa9b7ad15b4840089a2723ac4dd4fc809970c5293a483a33e9852ac14;613.496932515337
0x0603d843362dd3c18a6803834d41c3e5905a7993c923bf0b22735a051e96086d;613.496932515337
0x060fff2f2b0dfb740216fa33ad0ceaad4b90cd5806f3a3c6afbffcc95627469e;613.496932515337
0x062afad314f28478a1fc125cc819063dab27e7e49986b5ef68e7a0ec4ebc398b;613.496932515337
0x0638c619afa974e35de6486a01cccac8133bfefb30123a6e94ccac05935154a3;613.496932515337
0x064c7797e21a27069c2efc8b65778d01716676a17cf8eb18dd9b29ee6ad0416c;613.496932515337
0x0657d221f9929af0f08b2f253174d3aa9d560adfdd5affc4dbecc1b96f3d5ef3;613.496932515337
0x066b8b90129a5784313a9a237178feada25bb42e4050a850242e5f066bdd70ba;613.496932515337
0x0671414390b2b4586b0fe1de184d016771102ecf7571304840812f1772b9677d;613.496932515337
0x067d6d0c91d474c717401bb211c0655960a3cc328593f25106fbee4920381d60;613.496932515337
0x0698a38e07be1b02c3f013d0bf3f025233a1a43fd2d425515f8a18f8257f86d9;613.496932515337
0x069c0303bdde6125229c915a9d96a2f5f15d5d6e3a46eba206e5e942cb486b92;613.496932515337
0x06fcddcd1a5cd9b760d353a3ef5890216529aa36eefc77c443f1cd078a514997;613.496932515337
0x0703148d61a0d340359c9dc5803b7b459ff9526f98a09ff2a8316f9a5696855c;613.496932515337
0x0727927b080a8b456ca6f66dd67d1b0f561d48f9f3c0934543fc74109bee57cc;613.496932515337
0x0757bb6412a76c36912b20380be701c7b63dafdf578322dd448cf1ee4ce58f02;613.496932515337
0x07657eeb175a5d3b51c5abfa2cd73b367da8f0ebc4b3a7c1804f77e8b30b1ff4;613.496932515337
0x07b328ce23430efe08c682f33cc12897bbb623a5392b14f2b601568cf3752c06;613.496932515337
0x07B0624dB47BdC6947dd9CeE83517F236fA066E3161D5c01343Dde6572E9e5b2;644.671269800884
0x05b27cd56e96efe11bc70421bdbadeddfadb39847cfe791517b7b56381ebf141;654.661082996477
0x0706960d52dd7efc3fed0536b20899c4f26948e28a30356dcd231f9db57c88a4;654.661082996477
0x05C34ad8A5886E7AB49AFc39188480A2dC28a607232FDE8A33De05b8f6A2e009;724.283769600865
0x003f04f92a43f7a43727fa21d600b763d548d93fb75e1c7cdede100315529b57;759.614685191151
0x075cb3c2a1171f8adc59824d9c1f4329a493a842269656de94d45dbb25f576c0;764.810408072075
0x050f869bD94dBC2C8459b5b5af40ebd8408082cf79C48f4D262306375B789a75;766.251185214516
0x19e5868ea2e1dbc9da9794239e5996b6733a6a6ee1ae3cd9deb61adebc60317;790.151510466768
0x0582D5171E7D195a3A6dd49cD11367CD5D7eD0d8af6fa26B643a1CEc9C2B1226;803.258757390916
0x0597146FEA70760bE99317eA82110aE86C17eE731fd979DaC4832467902291D2;803.258757390916
0x05e653a1c1be68eba18ff4a006ac12a7d27ee70421246805400fd8cc7f7c4ebc;821.325847752314
0x02cd8aaea8455412e3fc4e6a00b8e24df01fecc19f34731395ac0b35a6203afb;838.589672981202
0x027495304ed75F5257EC68e053e13B4B842Ec9AE65b4720e2EE88b31ecC37A71;852.500185037861
0x06959E62666c3E196757a4Ce739485B393176d1aD6A3Fe2d2342CF1676c7cB95;893.664335519001
0x07d2b8eeab46ce60f92884a47f18d985fc35444a45110aa2c600782da8806fd5;900.300835542366
0x077c2afa34de0707e43c352886f6e40b7c4e95969e82df9342f7ddd1505dfd30;960.169588394833
0x0682bf9feddfdd19fd7fd43e14cacb962d6e8af57f8ea468a2c857e1b38d04a1;987.588979941896
0x05fe27ed50629114f1bfa7ecc96c6e08ef6c00d524e31a9a6041c9664c4f913b;993.42221483275
0x06496c659adab5aeeb34d7767f697ad41abfec046584313fe54fc304804fb195;994.86299197519
0x0033db987c2e464310e16869e67081f3119c6f39046025941c78955c6ee3023d;1000
0x0038cecca031bd88af534605992198ab1739bf577db364c59d836a6454f949f2;1000
0x0046015cdf86f0793a5a20f521735e23edbc68b9f960395ddb46c716c33350f6;1000
0x006f849dabb5acd871d836743ef8f4795daee7fcb5ca65ad4072ab71eeafbffe;1000
0x006fd7016e5585cd588b58aa7038b808e3544b8216a4ead6cd78e1729d138fd6;1000
0x007d3abaf903b23611ecab48a36c76fb487c1651ee3a000474fe22b75eaa4450;1000
0x00e2d5a0e9f497fe5118797fd51b74b0ae6d9ca4fac162a61934896036f44027;1000
0x010ab797e88c078d2a8fb5f821cb59c59d922bb90d012c5767a5fc764d61f55a;1000
0x0119f4155e7f008f741297ddaf762701d13bbc36c6342363e147105525c4b181;1000
0x0130b854576442d548dfe414491fe0537820af59dcc09d5b47f37545cffe14b4;1000
0x015ccaf720219e96cf87fe6bad2fdcef62672a5cad3816c363690773eb30a821;1000
0x019daa34ace32faf96f9140ce5d220dc0667d2267e80f0faca9f2fd4bfbc4cf4;1000
0x01b7e640e34791a1f9f82c6cea685d0e0711160f09ecbd79256ccd5e5af371aa;1000
0x01be19a9d36e8f441c0e877d2e91135d7510ae7ddea6f1be2ace5768cf742d50;1000
0x01cebacbc93611270cb189c1da723c4c5a8ed599fcc4e62897e0f2fa73c65e85;1000
0x01d2e3d74d18f8e161dc8175503aacd8d1dd6fce9a8b4ceb69ecb65cbca5ef5c;1000
0x01debd99a9c0d81f4157e19a9e5c4efe029c48651a3bc1126043b02a12bfba39;1000
0x01f0fab4ecd9fb364a1f896e6c9dcd5cdbf3833be97404854d88d8b5d18dacb7;1000
0x01fce08df3bbbecaa1d4f08b24b2d6fbda5fe46be8f68172bcdfd4b9f765d968;1000
0x022262db4017955f974b06be7f7cd51e751506856033184da8c3c40419b580c7;1000
0x0248bd0cce515eddf28e2ed26593df02630d282d6e1c702ee37b09ecb9d7c1d9;1000
0x024b9c35f59dd7cd4cd51c64e1debfa2c57615c1a8f47ead790cd600a9079c8d;1000
0x024d7f1464c4bce61d9a9033b64781076a46fd2ec7673da4dfb7a522dd5d0a39;1000
0x0290b4a709e3606405e26e0570d6a65eacb8256a592e2c23515061ef3b40055b;1000
0x02bb9e3173e384f2683046278f12f490161dd0155ede52366f654be2c52b3058;1000
0x02c087fbb5436aa4a541c55796c4c4b57cfe25da4eb8ab7dbe6ce7dd3a40d9c6;1000
0x02c7c7a33d9e897d9dfababcb1d0830a62a3d6aa81d72d2c3179ca343f4fe364;1000
0x02db6048d67081dd029e6945deb8252d5dfb0d916282ebe3b5e85012fe87370a;1000
0x030c3f654ead1da0c9166d483d3dd436dcbb57ce8e1adaa129995103a8dcca4d;1000
0x03655a6afa21c73f7096b0ecca61967f1fe845056174d31d840cccfd2aa4eb77;1000
0x03813987ccfbd89f7eb23cd6b87c74fc92b6964c037bbee25e7c7968467bf921;1000
0x03a96ad766bb7c2aaee706a026285e7eb5b9900e6ab9546752337b89c227c488;1000
0x03af9c9db0e02de6b4210af6528fa0b2a6520d126bd1625f9bad957d2475df16;1000
0x03d92b435dacf4927a654f2f5ce880e6124decb052ce303d8576c9db9a307c18;1000
0x0416adf2b36790e698f35a8f5298577b426a610d9dcc2df2df02704bd8fc1cb7;1000
0x041f5a279f5dbe236e14db8ad85d63657d7129418ce8256bbf0758b8b6a24ee1;1000
0x04440dc4529b51d68ae1f5e15af536a694eece34c6d99c1a14dbcb2998025add;1000
0x04617e6fc0736dab08c7e6312769cbb766d59e65ad96a71e4b71d868cf628b1b;1000
0x046191f3ef79d2b593bf18289ff4c3761198926c3ec748a71ac87dce02d9c9b3;1000
0x047c9790a0a88f9133167ebdd6cc47507dc6c796552581a4a6078f54d1d92b7c;1000
0x04a7abc51525290e51afdf595742b0f7a87348bf5c80bcd644c46deab65997ad;1000
0x0512e1e83d30ae5717f545515b3ce3f22068d88d135976fba3ea6cef3efbb61a;1000
0x0521236415fc66cd4ec4e5b9eb90f479aae622e3d945d7b528b5f01bcbcaaa79;1000
0x053a0ca3a4b3044a2055a9bc77086daa162db8a51e07747ab412346f469620fb;1000
0x055e4c4b3bea8be2d794c313a4ee38a851d115cc17f30bc7fbe20eae3432e9e8;1000
0x0561dc86e39992eb9002678884f8b302163528c0ac5247049d3070d854afb4b9;1000
0x05854e275d709627eb88a95519326c528f8c5dc402d350d29e72dbcaf48b434f;1000
0x05d39c59a9c84f8a798cff01b932a399a57b407de16f84b6d87ce640138fffcf;1000
0x061275ea7bcf7049ffa63c5b6a54a92348dfb094cfcac7f88feb13fe4e140636;1000
0x0622c8a2dcc6391dc99b1b20cef277f33c6649bf0a3a941f5b89f82c7807d33f;1000
0x0662fa19fd112e41e38937482cfbc9cef79d04b81609b0d7fa36b19d494d7e98;1000
0x06994e8e51bb7a3f293c8934cdc66efcd06ce4d983b4ea3725a3955e01932abd;1000
0x06bcef826688f19c29de65420cc7a85a4dda5dec35831744a7846c69efa18527;1000
0x07014fcfd2ae1e6caea9e7d9b8a3a95e7ca6cf67d22dcd48324c7d5653a8d7a5;1000
0x071A817C680BE4c8C571114E8885214a0A03E52effd23650ade1f8245f6fe925;1000
0x074cb2ced3b83dbb670b75abf5f93cc26bcb55954d200dfab0092fbcc544f39b;1000
0x07ad472bb245bf951d4306c3e5d0b1fcbb0f07bb5d0aa1bc5113ee473700cc16;1000
0x07b2d5a3ce8b6caf9224593a06ccb91acbde61ccdaf34308b9b4ab9738c6cd60;1000
0x07bd19ad0c988198c7ac88a5045be48aad26b1508c3944263444f66b025b385d;1000
0x07ece7e358bfac87c366bc30fea34f51cdecf5f9220e5aba8a8f8ac543356cbd;1000
0x07f71aeba14063db9b3798d1cce399c274b44fd0a849b1b05fe60c6f46a43939;1000
0x0103e91a8d96ff0a8a64f123a548159032b39455e6554d5787397f889a356019;1001.0978594323
0x02092bb5df5d5ab549aed3d47c281f752e7031a55f873f9066a3a494770a7506;1004.21529316085
0x0377c8b0435e16302aa425a2a078ee9019e58e2f55f13f83dda3ddfc086d2462;1072.3972026228
0x0302d4dfa941052a2e4ef5e131a60bfc8c1aa1d6e11990e1c7ad42a324034c58;1129.55015431297
0x003b4635841fD07ddC35E79c9844385874d478ACD1127cCD71E975d6EB8304a6;1156.96954586003
0x0239dab071615145569059beb9c890311744e46185bcfe2787ec9a25dae2e771;1165.28270246951
0x06b53ae9620826e1aab71286b1fbb532439393282747c572806656932f3be7a7;1167.36099162188
0x07f7ca181547644953a49c4f7bbcea25d4b46843e3522b6ec0d3182bf1e713df;1167.36099162188
0x01aea6568e1cfa0cbf25f62ac8a7c3418c5ea9766ba3fac9b71b9701a68e1882;1173.59585907899
0x078437684f2fe93ce5f4a9ad2071b786e114827b41307cc9b43ef3e27a89c238;1173.59585907899
0x07ddce3559b2067eeb7797477cc150ba18d75c7a95f938049d1f7a1df5a69cfe;1173.59585907899
0x01127907415ebb2f72655eb222bf51bf13812aa0fe0df27b9a9d0a0e662d6775;1175.67414823136
0x0178353dcbec727571b543d7dc7df7f55393295fa2bdd0f4464510308db3f2fa;1175.67414823136
0x037bd7137816f722fd25c62e73ae1d32843725d64d5ab88a8b15b3b52507a2fa;1176.71329280754
0x07222a29529a1561af22d603da342aa9882c5015c79300aabee2f3830eb9ee33;1176.71329280754
0x00ce4955194ff2e1f00c86959c8b84c87dec1ba2f57eb13780c891804e340948;1178.79158195991
0x01dc1eb064abc6e7df677644eceb1e74f8b96fb86c637c39e6029df56df1ea70;1182.94816026465
0x07d7f6bec87bd2856fba8b104f5671db4de0ae93b7d4109268e0b4438eeb46b0;1182.94816026465
0x013b93d74da8e84c1bf023359d2094133ef89cfaee9796d59edad8fd47b31123;1183.98730484084
0x07e5e3a59ce7a2e698f88bfdcc901ab176e8c15d7dff0c66f9fb8d51af21d2f6;1183.98730484084
0x00edd7f0f5feab3e97592c0d4fa5221c8a465727727d55ab993b14f365c1c03f;1195.41789517887
0x01e068b531842bd81e2ef58135309a7b352c16c679e0fdb498d1822ac12e26af;1196.45703975506
0x034ce724ca55cb236ef538ff7162cc12b9e085b13cbd86bc8e334a2638514f77;1197.49618433124
0x04b131d22962d0e19d42f34182ab0681edce78a343e3fa76f386923c7aa591fa;1197.49618433124
0x012fececd10b36b1fbcfe8482c4f64d27a0c8d651f6d73a215e6d463e968e94a;1207.88763009309
0x0448d4da09fb0337ac34548e933fa857eb6cb4b98f6f52746b8e4ebba1057cfc;1207.88763009309
0x05ee59024673fcedbb5749e928d982c5590be80d9340fc11fa25401197d35fa4;1207.88763009309
0x03d9ec8f0f1f766ee50739a30ce865448bc7978f6e70f2e3ad0c4a88431976dd;1273.35373839274
0x01372bC113E1Ab3a1D6E6F017C2E24450DC4a84Bc89ffE8e185561e0065f27Df;1282.05128205128
0x0718505b87b5a448205ae22ac84a21b9e568b532ed95285c4c03973f8b1a73e8;1283.34355158833
0x01062462ED443D2565290732C9206F9eC27c509A53c3D98a8200557558CBB82b;1388.88888888889
0x04031D88C5A1b685761B09baD139B60f04E699Bc86F99EE7735A995Bd1F7A7a8;1388.88888888889
0x044A130CeA9E2FbE23e9f6fb73e4FEF874C37d5dB119a9EadE29A65828831CFa;1388.88888888889
0x050f513dbc8861e9bb031c7a6611d9c500c602fbac718bba99b1a198aca471da;1388.88888888889
0x0613A36DEf3b111659C17B62c937430d36320c77D6e761465D83cb4a96ABf1C8;1388.88888888889
0x06B2e868586A198c1Ec3Bc35E8958C4050b8Ae1a7bc25aB4654f52eaBF7A0E43;1388.88888888889
0x02a4d5b3f2cdd76c0382e0ba4143895958f014ed85c263ae73b9eba9e63fd375;1416.75568990625
0x03f76520b7be111b5f673742625072e895a173d9d5a9af6896ee22dff63cbe13;1439.55815572621
0x0069fe0499cc3b4b1630f86802a2168c15f56f26b388059c1ac2fc9eb2e5bcc9;1448.91045691187
0x039e14d815587cdd5ae400684e5d60848d9a134b378260cc1f2de6e7aedcdb45;1481.1239387736
0x0091549c2fe52f07266a21228406131df81b39a7f4793cf23c8cb30d4c667850;1541.8374260975
0x023b6ff6edb95b927085c73c1c77182835162174bb46c4bf4b43c30c7770dcf8;1613.49693251534
0x03ab486cb778e2cbe4a0e303224beef7ba270fc114e70bd63d77df6a47765d8d;1613.49693251534
0x03c1e4475a5f5b9e2dec32f3b4b0fa482a237d9720075fafac269dbfb3f6c381;1652.64150870022
0x04fb84449d76e6c76d03c32ea689d002875d5b544dc01e339477e4c576c37312;1680.6396974011
0x01b47104400044947b29c87862c6cf7f1e2044e82270892bbf8e06c818b12df5;1701.48130378091
0x0409a150ee31cad5d08f6c6f8a609a839802a4bf5f473d5cf809dfe0af2f9160;1750.3210988616
0x0559492ad36a43e8e269fe4bc7e70c60f31e62b68b2613e62f00e1c8b40251e7;1755.51682174253
0x004b25e415e1bce683207bb2546e585564329b58b7a9b48b43f693621482df95;1895.54821456662
0x0050aa7d139d3ea59409b8b7581a7fd37ddcb4963f8ab1aaa56eed5cd9043e6e;1895.54821456662
0x0058a1d531d3bb30a46e823f58afceb4f6d2aebd0ee18bf18c7e479fb46bb010;1895.54821456662
0x00a54d2f42fe065c92b16bf4200a2442adc4538984daff6ae11ff0d696da5f4f;1895.54821456662
0x01d631da48440c98efeade9dba0afbc3df62819946cab95a4dc586edb4be3990;1895.54821456662
0x01fb62ac54f9fa99e1417f83bcb88485556427397f717ed4e7233bc99be31bff;1895.54821456662
0x023def9f94022b6689ce44933d8603ce14f0f00608fbd60b5bf7485bdec9bae5;1895.54821456662
0x023f2965f3a603413bfd0ffa04b708b9fbd8d42a2de45dfb848b2e836162ec7d;1895.54821456662
0x02e21eade20a16450f6ce5da98ff42e5c2ccfb39fac5da921e476f792c8a4cce;1895.54821456662
0x0353916b523ba1d12af3937de9ff1b7c2bba0042bfb47cc684244df2517d9ff4;1895.54821456662
0x03662d9c59064da6fd4e35d84781c2a3411486a5cd7f6b96febdf15689869c8f;1895.54821456662
0x0387b7932196e3443803d85953581aa1c68542d00a7980fe11b031ca213e5dc5;1895.54821456662
0x03f2d924dfd946754a34370a119381dd934a1dd1fb27d838ef9cbf6a81a352f4;1895.54821456662
0x03f48063709d7bdd397d4c3e90e720e96a6e761faf1556dbca5cfd86bae98419;1895.54821456662
0x03fe890d04dd3e147cb293780a4ebdef583ff8246214393534adf1ea1e8dc733;1895.54821456662
0x0485605DCd13Fd63d5bEA3A53d98f1Ea5746D8b61Cc6A0a889472bf2EA1ABcBF;1895.54821456662
0x04c0833670ef17c4ed1cbb184d9e81d36d7ce9fa0c2aa4371bd2e4cee27e1636;1895.54821456662
0x04c4cccf65ee2985713151b64162df3a5ffb46c54ca536814eb3534384fdce1c;1895.54821456662
0x04cccc157caf9d9c9071ff28b4189b6dc44be69c8a20283477ce1868e2e489eb;1895.54821456662
0x04ed0afb243c86c3f17a642feb14ed5111cb82052cd76143c93686e414637c8b;1895.54821456662
0x05304308e2073db1dac9cbf1004d8f7efae241f87656af42bc2c664c18ad6e8b;1895.54821456662
0x06467463b5c3aa489f4d36442661fe58229acb640e8c142c1e8111e1b5504058;1895.54821456662
0x068071b41e7c4e0ce1840c7163dcf5fabcf9c7ac850a4c82338080b6fe00e482;1895.54821456662
0x06ead252e3be1afee0b42eea005b406f2da6851cac41f5d824fc45bd5e2929b5;1895.54821456662
0x07a24a4572250957182d5ecce973698311bff144cda9ad4cb59bd1786cb2535a;1895.54821456662
0x07ab2ca5c141e6a571623db29589f40924f8573f12132261df2732fa7039dee8;1895.54821456662
0x07fe401f65712bdfcdd40704a57f67ecc923291bd8a2983537fb00178d647c13;1895.54821456662
0x01e26b38272db2ba962d0a6b1c7ca7a90e449560f9cf55f84f49574bf1969ea0;1931.7697671277
0x02ed5982d37e916e05656d9665bfcf761e860243b42b7795133ba5676a4e9c5c;2001.54096133748
0x00D54dD64A91D2436935bc5a5B56514f9ce9B7523Ef2116dd826dD2f5dE8ce9c;2002.38582140423
0x02D86897DaaDeE2DFFDB5C5B734aB568fE849808105977e0384F8E5D1a0d33D7;2002.38582140423
0x037d6e90bfda5a1c498823569873b99b20ae538c0a1dc8e7e0707251e71c2c0f;2002.38582140423
0x06b01C35Bc069A1D8cC27A1F0023db7131DA1f8e13f3e00fC89eEd07F1e5871A;2002.38582140423
0x07db7a35886bfec4aeb2f70fe404333f805910e852b4844f6802440be12d57b4;2002.38582140423
0x02b6c86aef115739e2f5ecab440ea1c47ccb853990145926f13131d09d60e360;2163.64751522232
0x0639F7aD800Fcbe2aD56E3b000f9A0581759CcE989b3Ee09477055c0816A12c7;2188.58698505076
0x02974df71cad47d223f6492ec6055e7873c6e907c2ad6aeac5e5cc94e6b78950;2246.97349142186
0x059250278648b7f63a71f64a19025df97a6910b6d90d09e205cbf944a04729b8;2282.05128205128
0x02CaA88638B746499668270a2e1d65B309Ee32ef71D2dca46C0a97A53B19F8F1;2400.82560355334
0x00a975351cf03ad81d5d08f953dcc415da07012ff6d2d44a074c384feb0db35d;2402.90389270571
0x000928e2956ad7138c273120412bf2283d83e985b2426c2b8ddf146fd6b37884;2516.80816351979
0x052119c345e6c7ef3997b3b2f3c01323afc4bd9bc75aa20e4cb73a8443848b1a;2629.03577774776
0x07B7e270A3EC14D9C706535D5F3c25957500feD7862BF761739F9CE3fd2c117a;2690.74694030892
0x039f07ff01812a3ef3684b719913bce71e2854a8dc9ef99340d9624611fccc9d;2895.54821456662
0x0449e8cda692fc1f791f721b36aa4d636393e160c9b561396f07787f82d02815;2895.54821456662
0x047991fc342a58b8446c7265b1657aa169ce0323b275dab0a06c8961bf481b37;2895.54821456662
0x0012656eF1c152278d37d589aA3f595Ea20AcA64232a0D13f0a031dF523a5B98;2968.83605416021
0x055f973e925Fba11C9cEA1565ff000f196a7DdfCb73c7292774a8d5408FA6bF4;2968.83605416021
0x01394b854571da4662cbd0b8cb9ae5d4fdc6ca5afbf987ecce8b09101576cc7c;3020.05127919937
0x054e0ab67bd384312d640915b55d7e918fe2031269ec26f8fc7fde9abbd1e0a5;3206.75438520251
0x001d2866c8604932058868f0865095bece599ec576c5cc0f2ca8b4714df7128a;3210.91096350725
0x050cc09577466509912ec556a1b65a890dc06a01cf62716fe4f5e5785d5e460d;3273.79684029792
0x061d3ffd2008c523f52e388bc2b37c042f8eb5bc125fd6dae160c9021cdb67fe;3284.43710345551
0x05bb61ab3472556d0151bb4fa22e3514d1a490cb31229b7bcca33744afd5858f;3366.1909148291
0x049c691d23cf572e3318472dac01d5a6d996470aa1050af0ccadda392c073efb;3938.35794374071
0x06Ae3E526C67A3f38393034abAC34E8274A5683c2c4f00D6aeFEa98057daE5Af;4017.92466663665
0x01f756725531f4d85790382430ef13a0d9acc0eb149f443febc1bcdc1ea7ce2e;4284.43710345551
0x02ba1c396a2a3bd5dcc62fe3f9bd9f85eaa6580609bb903ccbb8aad374cf3f76;5156.63701959565
0x04a8713ab7aff5e97fb1aa7652314a5ed6102b200da75ef42078a5a01fef4093;5506.4271092037
0x0558808A3C00c778C93E3d4348687b048613993E6b03836726B5d581f9960515;8226.86183275169
